,acc,sen,pre,f1,spe
0,0.8920367534456356,0.7830169253383333,0.8226001454577077,0.7855031352668205,0.9257515415792804
