,acc,sen,pre,f1,spe
0,0.8683001531393568,0.7379959978126682,0.7431317708348385,0.7342588781186561,0.9119126248348517
