,acc,sen,pre,f1,spe
0,0.8790199081163859,0.779771440526457,0.7877185444779512,0.7549968460568017,0.9223551473217864
