,acc,sen,pre,f1,spe
0,0.8683001531393568,0.7283259401284915,0.7501442715284597,0.7272636107708939,0.9104598670310309
